{"cameraMode":{"drawMode":0,"name":"Shaded","section":"Shading Mode"},"sceneLighting":false,"audioPlay":false,"sceneViewState":{"m_AlwaysRefresh":false,"showFog":false,"showSkybox":false,"showFlares":false,"showImageEffects":false,"showParticleSystems":false,"showVisualEffectGraphs":true,"m_FxEnabled":true},"in2DMode":false,"pivot":{"x":-55.91241455078125,"y":11.788198471069336,"z":2.0718917846679689},"rotation":{"x":0.006524069234728813,"y":0.9930276870727539,"z":-0.09442390501499176,"w":0.06769382953643799},"size":17.510072708129884,"orthographic":false}