{"cameraMode":{"drawMode":0,"name":"Shaded","section":"Shading Mode"},"sceneLighting":false,"audioPlay":false,"sceneViewState":{"m_AlwaysRefresh":false,"showFog":false,"showSkybox":false,"showFlares":false,"showImageEffects":false,"showParticleSystems":false,"showVisualEffectGraphs":true,"m_FxEnabled":true},"in2DMode":false,"pivot":{"x":-39.287498474121097,"y":11.230030059814454,"z":-3.408313751220703},"rotation":{"x":0.0076042115688323978,"y":0.9889677166938782,"z":-0.1373491883277893,"w":0.054635267704725268},"size":17.04239845275879,"orthographic":false}