{"cameraMode":{"drawMode":0,"name":"Shaded","section":"Shading Mode"},"sceneLighting":true,"audioPlay":false,"sceneViewState":{"showFog":true,"showMaterialUpdate":false,"showSkybox":true,"showFlares":true,"showImageEffects":true,"showParticleSystems":true},"in2DMode":false,"pivot":{"x":59.06184005737305,"y":1894.6405029296875,"z":834.498046875},"rotation":{"x":0.001100068329833448,"y":0.8533644676208496,"z":-0.5213228464126587,"w":0.0018019379349425436},"size":122.75554656982422,"orthographic":false}