{"cameraMode":{"drawMode":0,"name":"Shaded","section":"Shading Mode"},"sceneLighting":true,"audioPlay":false,"sceneViewState":{"showFog":true,"showMaterialUpdate":false,"showSkybox":true,"showFlares":true,"showImageEffects":true,"showParticleSystems":true},"in2DMode":false,"pivot":{"x":-142.48565673828126,"y":-156.62672424316407,"z":-190.58050537109376},"rotation":{"x":-0.04258142411708832,"y":0.939613938331604,"z":-0.12704823911190034,"w":-0.3149157166481018},"size":122.75554656982422,"orthographic":false}