{"cameraMode":{"drawMode":0,"name":"Shaded","section":"Shading Mode"},"sceneLighting":true,"audioPlay":false,"sceneViewState":{"showFog":true,"showMaterialUpdate":false,"showSkybox":true,"showFlares":true,"showImageEffects":true,"showParticleSystems":true},"in2DMode":false,"pivot":{"x":4.72314453125,"y":-10.849380493164063,"z":2.871501922607422},"rotation":{"x":-0.23068362474441529,"y":0.6820430159568787,"z":-0.241885244846344,"w":-0.6504579782485962},"size":29.669557571411134,"orthographic":false}