{"cameraMode":{"drawMode":0,"name":"Shaded","section":"Shading Mode"},"sceneLighting":true,"audioPlay":false,"sceneViewState":{"m_AlwaysRefresh":false,"showFog":false,"showSkybox":false,"showFlares":false,"showImageEffects":false,"showParticleSystems":false,"showVisualEffectGraphs":true,"m_FxEnabled":true},"in2DMode":false,"pivot":{"x":-43.276546478271487,"y":6.294497489929199,"z":-17.291412353515626},"rotation":{"x":0.19336962699890138,"y":-0.14329864084720612,"z":0.02882016822695732,"w":0.9699820876121521},"size":0.6173060536384583,"orthographic":false}