{"cameraMode":{"drawMode":0,"name":"Shaded","section":"Shading Mode"},"sceneLighting":true,"audioPlay":false,"sceneViewState":{"m_AlwaysRefresh":false,"showFog":false,"showSkybox":false,"showFlares":false,"showImageEffects":false,"showParticleSystems":false,"showVisualEffectGraphs":true,"m_FxEnabled":true},"in2DMode":false,"pivot":{"x":-41.954322814941409,"y":6.531578063964844,"z":-17.688474655151368},"rotation":{"x":0.08539408445358277,"y":0.45982420444488528,"z":-0.04417672008275986,"w":0.8825819492340088},"size":0.6173060536384583,"orthographic":false}