{"cameraMode":{"drawMode":0,"name":"Shaded","section":"Shading Mode"},"sceneLighting":true,"audioPlay":false,"sceneViewState":{"m_AlwaysRefresh":false,"showFog":false,"showSkybox":false,"showFlares":false,"showImageEffects":false,"showParticleSystems":false,"showVisualEffectGraphs":true,"m_FxEnabled":true},"in2DMode":false,"pivot":{"x":-5.134316444396973,"y":-1.482721209526062,"z":114.26701354980469},"rotation":{"x":-0.010801268741488457,"y":0.02165786363184452,"z":-0.00040407394408248365,"w":-0.9995148777961731},"size":58.65958786010742,"orthographic":false}