{"cameraMode":{"drawMode":0,"name":"Shaded","section":"Shading Mode"},"sceneLighting":true,"audioPlay":false,"sceneViewState":{"m_AlwaysRefresh":false,"showFog":false,"showSkybox":false,"showFlares":false,"showImageEffects":false,"showParticleSystems":false,"showVisualEffectGraphs":true,"m_FxEnabled":true},"in2DMode":false,"pivot":{"x":-0.8941963315010071,"y":2.5712718963623049,"z":-15.045268058776856},"rotation":{"x":0.0007870917324908078,"y":0.9993062615394592,"z":-0.028791435062885286,"w":0.014050859957933426},"size":12.12435531616211,"orthographic":false}