{"cameraMode":{"drawMode":0,"name":"Shaded","section":"Shading Mode"},"sceneLighting":true,"audioPlay":false,"sceneViewState":{"m_AlwaysRefresh":false,"showFog":false,"showSkybox":false,"showFlares":false,"showImageEffects":false,"showParticleSystems":false,"showVisualEffectGraphs":true,"m_FxEnabled":true},"in2DMode":false,"pivot":{"x":10.268692970275879,"y":5.418117046356201,"z":2.9854633808135988},"rotation":{"x":-0.05756141245365143,"y":-0.46556657552719118,"z":0.029663050547242166,"w":-0.8824376463890076},"size":12.669951438903809,"orthographic":false}