{"cameraMode":{"drawMode":0,"name":"Shaded","section":"Shading Mode"},"sceneLighting":true,"audioPlay":false,"sceneViewState":{"m_AlwaysRefresh":false,"showFog":false,"showSkybox":false,"showFlares":false,"showImageEffects":false,"showParticleSystems":false,"showVisualEffectGraphs":true,"m_FxEnabled":true},"in2DMode":false,"pivot":{"x":-1.4622020721435547,"y":7.910127639770508,"z":6.960384368896484},"rotation":{"x":-0.01677529513835907,"y":0.03353684023022652,"z":-0.0011742963688448072,"w":-0.9991177320480347},"size":12.669951438903809,"orthographic":false}